{
  "best_by_family": {
    "random_d": {
      "alpha": 0.1,
      "average_tokens_per_second": 5235.034060477546,
      "best_validation_loss": 5.749883526508398,
      "condition": "random_d",
      "device": "cuda",
      "distance_mode": "random_d",
      "family": "random_d",
      "final_training_loss": 5.288186073303223,
      "final_validation_loss": 5.74985241767184,
      "geometry_summary": {
        "alpha": 0.10000000149011612,
        "attention_entropy": 3.428224680853672,
        "distance_mean": 0.5464971359473109,
        "distance_std": 2.571245583680158,
        "geo_to_qk_ratio": 0.2030561434848061,
        "max": 1.0,
        "mean": 0.00390625,
        "mean_abs_geo": 0.22612901353608061,
        "mean_abs_qk": 2.5689388980956678,
        "mean_max_probability": 0.18822100644554599,
        "min": 0.0,
        "std": 0.019278170054910778
      },
      "gradient_mode": "detached_d",
      "label": "random_d_alpha_0_1_detached_norm",
      "normalize_hidden": true,
      "path": "runs/phase3_geo_attention/phase3_repair_normalized/random_d_alpha_0_1_detached_norm/metrics.json",
      "peak_memory_bytes": 5388152832.0,
      "perplexity": 314.14429471801645,
      "seed": 2027,
      "total_training_tokens": 4096000.0
    },
    "real_d": {
      "alpha": 0.2,
      "average_tokens_per_second": 5311.933054488236,
      "best_validation_loss": 5.748343633205834,
      "condition": "real_d",
      "device": "cuda",
      "distance_mode": "real_d",
      "family": "real_d",
      "final_training_loss": 5.291107654571533,
      "final_validation_loss": 5.748343633205834,
      "geometry_summary": {
        "alpha": 0.20000000298023224,
        "attention_entropy": 3.5493926233281203,
        "distance_mean": 2.4902345404598885,
        "distance_std": 2.597641597680055,
        "geo_to_qk_ratio": 0.5130952542108265,
        "max": 1.0,
        "mean": 0.00390625,
        "mean_abs_geo": 0.5754007259027554,
        "mean_abs_qk": 2.3610994732770765,
        "mean_max_probability": 0.16608730145816594,
        "min": 0.0,
        "std": 0.01778634088215688
      },
      "gradient_mode": "detached_d",
      "label": "real_d_alpha_0_2_detached_norm",
      "normalize_hidden": true,
      "path": "runs/phase3_geo_attention/phase3_repair_normalized/real_d_alpha_0_2_detached_norm/metrics.json",
      "peak_memory_bytes": 5386055680.0,
      "perplexity": 313.67067607013746,
      "seed": 2027,
      "total_training_tokens": 4096000.0
    }
  },
  "checks": {
    "all_losses_finite": true,
    "best_real_norm_beats_baseline": true,
    "best_real_norm_beats_best_random_norm": true,
    "best_real_norm_beats_failed_grad": true,
    "best_real_norm_beats_prior_detached": true,
    "real_norm_beats_random_norm_at_any_matched_alpha": true
  },
  "deltas": {
    "best_real_norm_vs_baseline": {
      "average_tokens_per_second": {
        "absolute": -2997.654820836553,
        "candidate": 5311.933054488236,
        "reference": 8309.587875324789,
        "relative": -0.3607465094313581
      },
      "best_validation_loss": {
        "absolute": -0.003183745945028349,
        "candidate": 5.748343633205834,
        "reference": 5.751527379150862,
        "relative": -0.0005535479073905386
      },
      "final_validation_loss": {
        "absolute": -0.003183745945028349,
        "candidate": 5.748343633205834,
        "reference": 5.751527379150862,
        "relative": -0.0005535479073905386
      },
      "peak_memory_bytes": {
        "absolute": 222301184.0,
        "candidate": 5386055680.0,
        "reference": 5163754496.0,
        "relative": 0.043050300739936646
      },
      "perplexity": {
        "absolute": -1.000239151795995,
        "candidate": 313.67067607013746,
        "reference": 314.67091522193346,
        "relative": -0.0031786832001633797
      }
    },
    "best_real_norm_vs_best_random_norm": {
      "average_tokens_per_second": {
        "absolute": 76.89899401069033,
        "candidate": 5311.933054488236,
        "reference": 5235.034060477546,
        "relative": 0.014689301563718102
      },
      "best_validation_loss": {
        "absolute": -0.0015398933025645434,
        "candidate": 5.748343633205834,
        "reference": 5.749883526508398,
        "relative": -0.0002678129557694953
      },
      "final_validation_loss": {
        "absolute": -0.0015087844660062188,
        "candidate": 5.748343633205834,
        "reference": 5.74985241767184,
        "relative": -0.0002624040334268505
      },
      "peak_memory_bytes": {
        "absolute": -2097152.0,
        "candidate": 5386055680.0,
        "reference": 5388152832.0,
        "relative": -0.00038921538890751345
      },
      "perplexity": {
        "absolute": -0.4736186478789932,
        "candidate": 313.67067607013746,
        "reference": 314.14429471801645,
        "relative": -0.0015076468229484315
      }
    },
    "best_real_norm_vs_failed_grad": {
      "average_tokens_per_second": {
        "absolute": 124.28426865277379,
        "candidate": 5311.933054488236,
        "reference": 5187.648785835462,
        "relative": 0.023957726088189298
      },
      "best_validation_loss": {
        "absolute": -0.008792137633146346,
        "candidate": 5.748343633205834,
        "reference": 5.75713577083898,
        "relative": -0.0015271721882398961
      },
      "final_validation_loss": {
        "absolute": -0.008792137633146346,
        "candidate": 5.748343633205834,
        "reference": 5.75713577083898,
        "relative": -0.0015271721882398961
      },
      "peak_memory_bytes": {
        "absolute": -191869952.0,
        "candidate": 5386055680.0,
        "reference": 5577925632.0,
        "relative": -0.03439808356340596
      },
      "perplexity": {
        "absolute": -2.7699950003837444,
        "candidate": 313.67067607013746,
        "reference": 316.4406710705212,
        "relative": -0.008753599817029936
      }
    },
    "best_real_norm_vs_prior_detached": {
      "average_tokens_per_second": {
        "absolute": 118.52470681297746,
        "candidate": 5311.933054488236,
        "reference": 5193.4083476752585,
        "relative": 0.02282214277759095
      },
      "best_validation_loss": {
        "absolute": -0.003924027530344709,
        "candidate": 5.748343633205834,
        "reference": 5.7522676607361785,
        "relative": -0.0006821705389561983
      },
      "final_validation_loss": {
        "absolute": -0.003924027530344709,
        "candidate": 5.748343633205834,
        "reference": 5.7522676607361785,
        "relative": -0.0006821705389561983
      },
      "peak_memory_bytes": {
        "absolute": 131072.0,
        "candidate": 5386055680.0,
        "reference": 5385924608.0,
        "relative": 2.4336025759683268e-05
      },
      "perplexity": {
        "absolute": -1.2332704795277323,
        "candidate": 313.67067607013746,
        "reference": 314.9039465496652,
        "relative": -0.003916338594801404
      }
    }
  },
  "matched_alpha_deltas": {
    "0_1": {
      "random_d_final_validation_loss": 5.74985241767184,
      "real_d_final_validation_loss": 5.753350414036476,
      "real_d_minus_random_d": {
        "absolute": 0.0034979963646364354,
        "candidate": 5.753350414036476,
        "reference": 5.74985241767184,
        "relative": 0.0006083628083888806
      }
    },
    "0_2": {
      "random_d_final_validation_loss": 5.752407542954512,
      "real_d_final_validation_loss": 5.748343633205834,
      "real_d_minus_random_d": {
        "absolute": -0.00406390974867854,
        "candidate": 5.748343633205834,
        "reference": 5.752407542954512,
        "relative": -0.0007064711111534463
      }
    }
  },