{
  "alpha_zero_tolerance": 0.02,
  "checks": {
    "all_required_conditions_present": true,
    "alpha_zero_matches_baseline": true,
    "real_d_beats_baseline": true,
    "real_d_beats_random_d": true,
    "real_d_beats_shuffled_d": true,
    "real_d_validation_loss_finite": true
  },
  "deltas": {
    "alpha_zero_vs_baseline": {
      "average_tokens_per_second": {
        "absolute": 6147.676867075902,
        "candidate": 6738.8328258632955,
        "reference": 591.1559587873936,
        "relative": 10.399416221205485
      },
      "best_validation_loss": {
        "absolute": -0.0004085880597761715,
        "candidate": 6.752926815182247,
        "reference": 6.753335403242023,
        "relative": -6.0501668491102e-05
      },
      "final_validation_loss": {
        "absolute": -0.0004085880597761715,
        "candidate": 6.752926815182247,
        "reference": 6.753335403242023,
        "relative": -6.0501668491102e-05
      },
      "peak_memory_bytes": {
        "absolute": null,
        "candidate": 2154921984.0,
        "reference": null,
        "relative": null
      },
      "perplexity": {
        "absolute": -0.3500525537776866,
        "candidate": 856.5620962894618,
        "reference": 856.9121488432395,
        "relative": -0.00040850459904230395
      }
    },
    "real_d_vs_alpha_zero": {
      "average_tokens_per_second": {
        "absolute": -65.59991534893379,
        "candidate": 6673.232910514362,
        "reference": 6738.8328258632955,
        "relative": -0.009734610880561493
      },
      "best_validation_loss": {
        "absolute": -0.0016108349840378011,
        "candidate": 6.751315980198209,
        "reference": 6.752926815182247,
        "relative": -0.00023853878890205745
      },
      "final_validation_loss": {
        "absolute": -0.0016108349840378011,
        "candidate": 6.751315980198209,
        "reference": 6.752926815182247,
        "relative": -0.00023853878890205745
      },
      "peak_memory_bytes": {
        "absolute": 21217280.0,
        "candidate": 2176139264.0,
        "reference": 2154921984.0,
        "relative": 0.009845962015114883
      },
      "perplexity": {
        "absolute": -1.378669488069363,
        "candidate": 855.1834268013924,
        "reference": 856.5620962894618,
        "relative": -0.001609538285714038
      }
    },
    "real_d_vs_baseline": {
      "average_tokens_per_second": {
        "absolute": 6082.076951726968,
        "candidate": 6673.232910514362,
        "reference": 591.1559587873936,
        "relative": 10.288447340026488
      },
      "best_validation_loss": {
        "absolute": -0.0020194230438139726,
        "candidate": 6.751315980198209,
        "reference": 6.753335403242023,
        "relative": -0.00029902602539843106
      },
      "final_validation_loss": {
        "absolute": -0.0020194230438139726,
        "candidate": 6.751315980198209,
        "reference": 6.753335403242023,
        "relative": -0.00029902602539843106
      },
      "peak_memory_bytes": {
        "absolute": null,
        "candidate": 2176139264.0,
        "reference": null,
        "relative": null
      },
      "perplexity": {
        "absolute": -1.7287220418470497,
        "candidate": 855.1834268013924,
        "reference": 856.9121488432395,
        "relative": -0.002017385380964293
      }
    },
    "real_d_vs_random_d": {
      "average_tokens_per_second": {
        "absolute": 73.82587828892338,
        "candidate": 6673.232910514362,
        "reference": 6599.407032225438,
        "relative": 0.011186744192080537
      },
      "best_validation_loss": {
        "absolute": -0.0013070268562236365,
        "candidate": 6.751315980198209,
        "reference": 6.752623007054432,
        "relative": -0.00019355839276947518
      },
      "final_validation_loss": {
        "absolute": -0.0013133917237899695,
        "candidate": 6.751315980198209,
        "reference": 6.752629371921999,
        "relative": -0.0001945007865012054
      },
      "peak_memory_bytes": {
        "absolute": 21217280.0,
        "candidate": 2176139264.0,
        "reference": 2154921984.0,
        "relative": 0.009845962015114883
      },
      "perplexity": {
        "absolute": -1.1239287528798059,
        "candidate": 855.1834268013924,
        "reference": 856.3073555542722,
        "relative": -0.0013125296023555784
      }
    },
    "real_d_vs_shuffled_d": {
      "average_tokens_per_second": {
        "absolute": 848.7238737265798,
        "candidate": 6673.232910514362,
        "reference": 5824.509036787782,
        "relative": 0.14571595105544743
      },
      "best_validation_loss": {
        "absolute": -0.001664858031347194,
        "candidate": 6.751315980198209,
        "reference": 6.752980838229556,
        "relative": -0.00024653676224315683
      },
      "final_validation_loss": {
        "absolute": -0.0017337735232070273,
        "candidate": 6.751315980198209,
        "reference": 6.753049753721416,
        "relative": -0.00025673933799341453
      },
      "peak_memory_bytes": {
        "absolute": 22051840.0,
        "candidate": 2176139264.0,
        "reference": 2154087424.0,
        "relative": 0.01023720753127613
      },
      "perplexity": {
        "absolute": -1.483980454150469,
        "candidate": 855.1834268013924,
        "reference": 856.6674072555429,
        "relative": -0.0017322714061278619
      }
    }
  },
  "interpretation": [
    "alpha_zero is close to baseline; GeoAttention neutral path is plausible.",
    "real_d improves final validation loss over baseline.",
    "real_d beats both non-relational distance controls."
  ],
  "summary": {
    "note": "This is not the Gate 1 decision. It is the Phase 3 comparison input for evaluation/gate_decision.py.",
    "recommendation": "gate_ready_positive"
  }
}