{
  "average_tokens_per_second": 7853.694537992494,
  "best_validation_loss": 5.757997885054835,
  "condition": "baseline",
  "data_dir": "data/processed/wikitext2_gpt2_ctx256",
  "device": "cuda",
  "final_training_loss": 5.42242431640625,
  "final_validation_loss": 5.757997885054835,
  "peak_memory_bytes": 5163754496,
  "perplexity": 316.71359670115476,
  "seed": 1337,
  "total_training_tokens": 4096000,
  "total_wall_clock_seconds": 521.5379819249999
}